-- TasteRank Seed Data
-- 2 demo trips × 64 food entries each for testing tournaments, rankings, lists
-- Run: psql $DATABASE_URL -f supabase/seed.sql
--
-- UUID Scheme (all valid v4-like UUIDs):
--   User:          00000000-0000-4000-a000-000000000001
--   Seoul trip:    00000000-0000-4000-a000-000000000010
--   Tokyo trip:    00000000-0000-4000-a000-000000000020
--   Tags:          00000000-0000-4000-b000-000000000001..014
--   Seoul entries: 00000000-0000-4000-a001-000000000001..040
--   Tokyo entries: 00000000-0000-4000-a002-000000000001..040

BEGIN;

-- ============================================================================
-- 0. Clean Up Existing Seed Data (Optional - uncomment to reset seed data)
-- ============================================================================

-- WARNING: This will delete all seed data
-- CASCADE will automatically delete: food_entries, food_photos, ratings, food_entry_tags, trip_members
-- Only uncomment if you want to completely reset the seed data

-- DELETE FROM trips WHERE id IN (
--   '00000000-0000-4000-a000-000000000010',
--   '00000000-0000-4000-a000-000000000020'
-- );
-- DELETE FROM tags WHERE id::text LIKE '00000000-0000-4000-b000-%';
-- DELETE FROM profiles WHERE id = '00000000-0000-4000-a000-000000000001';
-- DELETE FROM auth.users WHERE id = '00000000-0000-4000-a000-000000000001';

-- ============================================================================
-- 1. Demo User
-- ============================================================================

INSERT INTO auth.users (id, instance_id, aud, role, email, encrypted_password, email_confirmed_at, created_at, updated_at, raw_app_meta_data, raw_user_meta_data)
VALUES (
  '00000000-0000-4000-a000-000000000001',
  '00000000-0000-0000-0000-000000000000',
  'authenticated', 'authenticated',
  'demo@tasterank.app', '',
  NOW(), NOW(), NOW(),
  '{"provider":"system"}', '{"name":"TasteRank Demo"}'
) ON CONFLICT (id) DO NOTHING;

INSERT INTO profiles (id, username, display_name)
VALUES ('00000000-0000-4000-a000-000000000001', 'tasterank-demo', 'TasteRank Demo')
ON CONFLICT (id) DO NOTHING;

-- ============================================================================
-- 2. Tags (20)
-- ============================================================================

INSERT INTO tags (id, name, category) VALUES
  ('00000000-0000-4000-b000-000000000001', 'Korean', 'cuisine'),
  ('00000000-0000-4000-b000-000000000002', 'Japanese', 'cuisine'),
  ('00000000-0000-4000-b000-000000000003', 'Street Food', 'style'),
  ('00000000-0000-4000-b000-000000000004', 'Fine Dining', 'style'),
  ('00000000-0000-4000-b000-000000000005', 'Casual', 'style'),
  ('00000000-0000-4000-b000-000000000006', 'Spicy', 'flavor'),
  ('00000000-0000-4000-b000-000000000007', 'Sweet', 'flavor'),
  ('00000000-0000-4000-b000-000000000008', 'Savory', 'flavor'),
  ('00000000-0000-4000-b000-000000000009', 'Umami', 'flavor'),
  ('00000000-0000-4000-b000-00000000000a', 'Sour', 'flavor'),
  ('00000000-0000-4000-b000-00000000000b', 'Crispy', 'flavor'),
  ('00000000-0000-4000-b000-00000000000c', 'Chewy', 'flavor'),
  ('00000000-0000-4000-b000-00000000000d', 'Grilled', 'style'),
  ('00000000-0000-4000-b000-00000000000e', 'Fried', 'style'),
  ('00000000-0000-4000-b000-00000000000f', 'Steamed', 'style'),
  ('00000000-0000-4000-b000-000000000010', 'Noodles', 'general'),
  ('00000000-0000-4000-b000-000000000011', 'Rice', 'general'),
  ('00000000-0000-4000-b000-000000000012', 'Meat', 'general'),
  ('00000000-0000-4000-b000-000000000013', 'Seafood', 'general'),
  ('00000000-0000-4000-b000-000000000014', 'Vegetarian', 'general')
ON CONFLICT (id) DO NOTHING;

-- ============================================================================
-- 3. Trips + Members
-- ============================================================================

INSERT INTO trips (id, name, description, owner_id, invite_code, is_public, start_date, end_date)
VALUES
  ('00000000-0000-4000-a000-000000000010', '✨DEMO - Seoul Street Food Tour',
   'A week-long journey through Seoul''s best street food and hidden restaurant gems',
   '00000000-0000-4000-a000-000000000001', 'DEMO0001', TRUE, '2025-03-10', '2025-03-16'),
  ('00000000-0000-4000-a000-000000000020', '✨DEMO - Tokyo Ramen & Beyond',
   'Exploring Tokyo''s legendary ramen shops and diverse Japanese cuisine',
   '00000000-0000-4000-a000-000000000001', 'DEMO0002', TRUE, '2025-04-01', '2025-04-07')
ON CONFLICT (id) DO NOTHING;

INSERT INTO trip_members (trip_id, user_id, role) VALUES
  ('00000000-0000-4000-a000-000000000010', '00000000-0000-4000-a000-000000000001', 'owner'),
  ('00000000-0000-4000-a000-000000000020', '00000000-0000-4000-a000-000000000001', 'owner')
ON CONFLICT (trip_id, user_id) DO NOTHING;

-- ============================================================================
-- 4. Seoul Food Entries (64) — IDs: a001-000000000001..040
-- ============================================================================

INSERT INTO food_entries (id, trip_id, created_by, title, restaurant_name, location_name, description, latitude, longitude, visited_at) VALUES
('00000000-0000-4000-a001-000000000001','00000000-0000-4000-a000-000000000010','00000000-0000-4000-a000-000000000001','Spicy Tteokbokki','Grandma Kim''s Kitchen','Myeongdong','Classic rice cakes in gochujang sauce',37.5665,126.9780,'2025-03-10'),
('00000000-0000-4000-a001-000000000002','00000000-0000-4000-a000-000000000010','00000000-0000-4000-a000-000000000001','Kimbap Roll','Seoul Street Kimbap','Gangnam','Fresh vegetable and egg kimbap',37.4979,127.0276,'2025-03-10'),
('00000000-0000-4000-a001-000000000003','00000000-0000-4000-a000-000000000010','00000000-0000-4000-a000-000000000001','Samgyeopsal BBQ','Maple Tree House','Itaewon','Premium pork belly grilled tableside',37.5340,126.9946,'2025-03-10'),
('00000000-0000-4000-a001-000000000004','00000000-0000-4000-a000-000000000010','00000000-0000-4000-a000-000000000001','Cold Naengmyeon','Woo Lae Oak','Jangchung','Buckwheat noodles in icy beef broth',37.5596,127.0053,'2025-03-11'),
('00000000-0000-4000-a001-000000000005','00000000-0000-4000-a000-000000000010','00000000-0000-4000-a000-000000000001','Korean Fried Chicken','BHC Chicken','Hongdae','Crispy double-fried wings with garlic soy',37.5511,126.9228,'2025-03-11'),
('00000000-0000-4000-a001-000000000006','00000000-0000-4000-a000-000000000010','00000000-0000-4000-a000-000000000001','Soft Tofu Stew','Halmae Sundubu','Insadong','Silky tofu in spicy seafood broth',37.5729,126.9857,'2025-03-11'),
('00000000-0000-4000-a001-000000000007','00000000-0000-4000-a000-000000000010','00000000-0000-4000-a000-000000000001','Bibimbap Bowl','Gogung','Jongno','Mixed rice with vegetables and gochujang',37.5703,126.9792,'2025-03-11'),
('00000000-0000-4000-a001-000000000008','00000000-0000-4000-a000-000000000010','00000000-0000-4000-a000-000000000001','Kimchi Jjigae','Mom''s Touch Stew House','Seongsu','Fermented kimchi stew with pork belly',37.5444,127.0554,'2025-03-12'),
('00000000-0000-4000-a001-000000000009','00000000-0000-4000-a000-000000000010','00000000-0000-4000-a000-000000000001','Japchae Noodles','Palace Kitchen','Gangbuk','Glass noodles with vegetables',37.6395,127.0254,'2025-03-12'),
('00000000-0000-4000-a001-00000000000a','00000000-0000-4000-a000-000000000010','00000000-0000-4000-a000-000000000001','Bulgogi Beef','Bulgogi Brothers','COEX','Marinated beef in sweet soy sauce',37.5125,127.0590,'2025-03-12'),
('00000000-0000-4000-a001-00000000000b','00000000-0000-4000-a000-000000000010','00000000-0000-4000-a000-000000000001','Galbi Short Ribs','Byeokje Galbi','Cheongdam','Grilled beef ribs with ssam vegetables',37.5247,127.0495,'2025-03-12'),
('00000000-0000-4000-a001-00000000000c','00000000-0000-4000-a000-000000000010','00000000-0000-4000-a000-000000000001','Hotteok Pancake','Myeongdong Hotteok Stand','Myeongdong','Sweet cinnamon and nut-filled pancake',37.5636,126.9830,'2025-03-13'),
('00000000-0000-4000-a001-00000000000d','00000000-0000-4000-a000-000000000010','00000000-0000-4000-a000-000000000001','Mandu Dumplings','Mandu Station','Seoul Station','Steamed pork and vegetable dumplings',37.5547,126.9707,'2025-03-13'),
('00000000-0000-4000-a001-00000000000e','00000000-0000-4000-a000-000000000010','00000000-0000-4000-a000-000000000001','Jajangmyeon','China Town Noodles','Konkuk Univ','Black bean noodles with pork',37.5403,127.0698,'2025-03-13'),
('00000000-0000-4000-a001-00000000000f','00000000-0000-4000-a000-000000000010','00000000-0000-4000-a000-000000000001','Bossam Pork Wrap','Bossam House','Gangnam','Boiled pork belly with kimchi wraps',37.4979,127.0276,'2025-03-13'),
('00000000-0000-4000-a001-000000000010','00000000-0000-4000-a000-000000000010','00000000-0000-4000-a000-000000000001','Gamjatang Soup','Yukgaejang & More','Jamsil','Spicy pork spine and potato stew',37.5133,127.1006,'2025-03-14'),
('00000000-0000-4000-a001-000000000011','00000000-0000-4000-a000-000000000010','00000000-0000-4000-a000-000000000001','Odeng Fish Cake','Busan Fish Cake Express','Seoul Station','Skewered fish cakes in hot broth',37.5547,126.9707,'2025-03-14'),
('00000000-0000-4000-a001-000000000012','00000000-0000-4000-a000-000000000010','00000000-0000-4000-a000-000000000001','Pajeon Pancake','Rain Day Pajeon','Sinchon','Green onion pancake with seafood',37.5581,126.9388,'2025-03-14'),
('00000000-0000-4000-a001-000000000013','00000000-0000-4000-a000-000000000010','00000000-0000-4000-a000-000000000001','Haemul Pajeon','Seafood Delight','Noryangjin','Seafood and green onion pancake',37.5116,126.9406,'2025-03-14'),
('00000000-0000-4000-a001-000000000014','00000000-0000-4000-a000-000000000010','00000000-0000-4000-a000-000000000001','Gimbap Heaven Roll','Gimbap Cheonguk','Yeouido','Classic kimbap with ham and cheese',37.5219,126.9245,'2025-03-15'),
('00000000-0000-4000-a001-000000000015','00000000-0000-4000-a000-000000000010','00000000-0000-4000-a000-000000000001','Dakgalbi Chicken','Chuncheon Dakgalbi Street','Sinchon','Spicy stir-fried chicken with vegetables',37.5581,126.9388,'2025-03-15'),
('00000000-0000-4000-a001-000000000016','00000000-0000-4000-a000-000000000010','00000000-0000-4000-a000-000000000001','Cheese Tteokbokki','Cheese Factory','Hongdae','Rice cakes with melted mozzarella',37.5511,126.9228,'2025-03-15'),
('00000000-0000-4000-a001-000000000017','00000000-0000-4000-a000-000000000010','00000000-0000-4000-a000-000000000001','Sundubu Jjigae','Tofu Village','Gangnam','Silky tofu stew with seafood',37.4979,127.0276,'2025-03-15'),
('00000000-0000-4000-a001-000000000018','00000000-0000-4000-a000-000000000010','00000000-0000-4000-a000-000000000001','Gopchang Intestines','Gopchang Story','Mapo','Grilled beef intestines with special sauce',37.5663,126.9019,'2025-03-16'),
('00000000-0000-4000-a001-000000000019','00000000-0000-4000-a000-000000000010','00000000-0000-4000-a000-000000000001','Mul Naengmyeon','Pyongyang Naengmyeon','Euljiro','Cold buckwheat noodles in broth',37.5651,126.9906,'2025-03-16'),
('00000000-0000-4000-a001-00000000001a','00000000-0000-4000-a000-000000000010','00000000-0000-4000-a000-000000000001','Army Stew','Budae Jjigae House','Itaewon','Spicy stew with sausage and ramen',37.5340,126.9946,'2025-03-16'),
('00000000-0000-4000-a001-00000000001b','00000000-0000-4000-a000-000000000010','00000000-0000-4000-a000-000000000001','Seolleongtang','Hadongkwan','Myeongdong','Milky ox bone soup with rice',37.5665,126.9780,'2025-03-10'),
('00000000-0000-4000-a001-00000000001c','00000000-0000-4000-a000-000000000010','00000000-0000-4000-a000-000000000001','Kongguksu','Summer Noodle House','Gangnam','Cold soy milk noodles',37.4979,127.0276,'2025-03-10'),
('00000000-0000-4000-a001-00000000001d','00000000-0000-4000-a000-000000000010','00000000-0000-4000-a000-000000000001','Yukhoe Beef Tartare','Raw & Fresh','Cheongdam','Seasoned raw beef with pear',37.5247,127.0495,'2025-03-11'),
('00000000-0000-4000-a001-00000000001e','00000000-0000-4000-a000-000000000010','00000000-0000-4000-a000-000000000001','Dongaseu Pork Cutlet','Tonkatsu King','Hongdae','Breaded pork cutlet with cabbage',37.5511,126.9228,'2025-03-11'),
('00000000-0000-4000-a001-00000000001f','00000000-0000-4000-a000-000000000010','00000000-0000-4000-a000-000000000001','Jokbal Pig Trotters','Jokbal Express','Jangchung','Braised pig feet with shrimp sauce',37.5596,127.0053,'2025-03-12'),
('00000000-0000-4000-a001-000000000020','00000000-0000-4000-a000-000000000010','00000000-0000-4000-a000-000000000001','Chicken Gangjeong','Sweet Crispy Chicken','Gangnam','Sweet and spicy fried chicken',37.4979,127.0276,'2025-03-12'),
('00000000-0000-4000-a001-000000000021','00000000-0000-4000-a000-000000000010','00000000-0000-4000-a000-000000000001','Tuna Kimbap','Kimbap Lab','Seoul Station','Tuna mayo kimbap roll',37.5547,126.9707,'2025-03-13'),
('00000000-0000-4000-a001-000000000022','00000000-0000-4000-a000-000000000010','00000000-0000-4000-a000-000000000001','Rabokki','Street Fusion','Myeongdong','Tteokbokki with ramen noodles',37.5636,126.9830,'2025-03-13'),
('00000000-0000-4000-a001-000000000023','00000000-0000-4000-a000-000000000010','00000000-0000-4000-a000-000000000001','Kimchi Mandu','Dumpling Master','Insadong','Kimchi-filled fried dumplings',37.5729,126.9857,'2025-03-14'),
('00000000-0000-4000-a001-000000000024','00000000-0000-4000-a000-000000000010','00000000-0000-4000-a000-000000000001','Gukbap Rice Soup','Morning Soup House','Jongno','Pork rice soup with napa cabbage',37.5703,126.9792,'2025-03-14'),
('00000000-0000-4000-a001-000000000025','00000000-0000-4000-a000-000000000010','00000000-0000-4000-a000-000000000001','Samgyetang Chicken','Ginseng Chicken','Gangbuk','Whole chicken stuffed with ginseng',37.6395,127.0254,'2025-03-15'),
('00000000-0000-4000-a001-000000000026','00000000-0000-4000-a000-000000000010','00000000-0000-4000-a000-000000000001','Soy Garlic Chicken','Kyochon Chicken','Hongdae','Sweet soy glazed fried wings',37.5511,126.9228,'2025-03-15'),
('00000000-0000-4000-a001-000000000027','00000000-0000-4000-a000-000000000010','00000000-0000-4000-a000-000000000001','Kalguksu Noodles','Handmade Noodle House','Sinchon','Hand-cut noodles in anchovy broth',37.5581,126.9388,'2025-03-16'),
('00000000-0000-4000-a001-000000000028','00000000-0000-4000-a000-000000000010','00000000-0000-4000-a000-000000000001','Ojingeo Bokkeum','Squid King','Noryangjin','Spicy stir-fried squid',37.5116,126.9406,'2025-03-16'),
('00000000-0000-4000-a001-000000000029','00000000-0000-4000-a000-000000000010','00000000-0000-4000-a000-000000000001','Doenjang Jjigae','Fermented House','Gangnam','Soybean paste stew with tofu',37.4979,127.0276,'2025-03-10'),
('00000000-0000-4000-a001-00000000002a','00000000-0000-4000-a000-000000000010','00000000-0000-4000-a000-000000000001','Beef Tartare','Prime Cut','Cheongdam','Seasoned raw beef with sesame oil',37.5247,127.0495,'2025-03-10'),
('00000000-0000-4000-a001-00000000002b','00000000-0000-4000-a000-000000000010','00000000-0000-4000-a000-000000000001','Haemul Tang','Seafood Paradise','Noryangjin','Spicy seafood hot pot',37.5116,126.9406,'2025-03-11'),
('00000000-0000-4000-a001-00000000002c','00000000-0000-4000-a000-000000000010','00000000-0000-4000-a000-000000000001','Cheese Corn Dog','Arirang Hot Dog','Myeongdong','Mozzarella-stuffed corn dog',37.5636,126.9830,'2025-03-11'),
('00000000-0000-4000-a001-00000000002d','00000000-0000-4000-a000-000000000010','00000000-0000-4000-a000-000000000001','Bindaetteok','Mung Bean Master','Gwangjang Market','Crispy mung bean pancake',37.5705,127.0099,'2025-03-12'),
('00000000-0000-4000-a001-00000000002e','00000000-0000-4000-a000-000000000010','00000000-0000-4000-a000-000000000001','Makguksu','Cold Buckwheat House','Gangnam','Cold buckwheat noodles with spicy sauce',37.4979,127.0276,'2025-03-12'),
('00000000-0000-4000-a001-00000000002f','00000000-0000-4000-a000-000000000010','00000000-0000-4000-a000-000000000001','Tteokguk','New Year Soup','Jongno','Sliced rice cake in beef broth',37.5703,126.9792,'2025-03-13'),
('00000000-0000-4000-a001-000000000030','00000000-0000-4000-a000-000000000010','00000000-0000-4000-a000-000000000001','Ramyeon','Instant Noodle Cafe','Hongdae','Korean instant ramen upgraded',37.5511,126.9228,'2025-03-13'),
('00000000-0000-4000-a001-000000000031','00000000-0000-4000-a000-000000000010','00000000-0000-4000-a000-000000000001','Dak Kkochi','Chicken Skewer Cart','Seoul Station','Grilled chicken skewers with sauce',37.5547,126.9707,'2025-03-14'),
('00000000-0000-4000-a001-000000000032','00000000-0000-4000-a000-000000000010','00000000-0000-4000-a000-000000000001','Soondae Sausage','Blood Sausage Alley','Jangchung','Korean blood sausage with liver',37.5596,127.0053,'2025-03-14'),
('00000000-0000-4000-a001-000000000033','00000000-0000-4000-a000-000000000010','00000000-0000-4000-a000-000000000001','Bibim Naengmyeon','Cold Noodle House','Gangnam','Spicy cold buckwheat noodles',37.4979,127.0276,'2025-03-15'),
('00000000-0000-4000-a001-000000000034','00000000-0000-4000-a000-000000000010','00000000-0000-4000-a000-000000000001','Nakji Bokkeum','Spicy Octopus','Sinchon','Stir-fried octopus in gochugaru',37.5581,126.9388,'2025-03-15'),
('00000000-0000-4000-a001-000000000035','00000000-0000-4000-a000-000000000010','00000000-0000-4000-a000-000000000001','Galbitang','Rib Soup House','Yeouido','Clear beef rib soup',37.5219,126.9245,'2025-03-16'),
('00000000-0000-4000-a001-000000000036','00000000-0000-4000-a000-000000000010','00000000-0000-4000-a000-000000000001','Jjamppong','Spicy Seafood Noodles','Konkuk Univ','Spicy seafood noodle soup',37.5403,127.0698,'2025-03-16'),
('00000000-0000-4000-a001-000000000037','00000000-0000-4000-a000-000000000010','00000000-0000-4000-a000-000000000001','Tangsuyuk','Sweet & Sour Pork','Gangnam','Crispy pork in sweet-sour sauce',37.4979,127.0276,'2025-03-10'),
('00000000-0000-4000-a001-000000000038','00000000-0000-4000-a000-000000000010','00000000-0000-4000-a000-000000000001','Yukgaejang','Spicy Beef Soup House','Jamsil','Spicy shredded beef soup',37.5133,127.1006,'2025-03-10'),
('00000000-0000-4000-a001-000000000039','00000000-0000-4000-a000-000000000010','00000000-0000-4000-a000-000000000001','Jeyuk Bokkeum','Spicy Pork Stir-Fry','Mapo','Spicy stir-fried pork',37.5663,126.9019,'2025-03-11'),
('00000000-0000-4000-a001-00000000003a','00000000-0000-4000-a000-000000000010','00000000-0000-4000-a000-000000000001','Agu Jjim','Monkfish Steamer','Noryangjin','Steamed monkfish with soybean sprouts',37.5116,126.9406,'2025-03-11'),
('00000000-0000-4000-a001-00000000003b','00000000-0000-4000-a000-000000000010','00000000-0000-4000-a000-000000000001','Gungjung Tteokbokki','Royal Palace Kitchen','Insadong','Non-spicy soy sauce tteokbokki',37.5729,126.9857,'2025-03-12'),
('00000000-0000-4000-a001-00000000003c','00000000-0000-4000-a000-000000000010','00000000-0000-4000-a000-000000000001','Bibim Guksu','Mixed Noodle Bar','Hongdae','Cold spicy mixed noodles',37.5511,126.9228,'2025-03-12'),
('00000000-0000-4000-a001-00000000003d','00000000-0000-4000-a000-000000000010','00000000-0000-4000-a000-000000000001','LA Galbi','American Style BBQ','Gangnam','LA-style marinated short ribs',37.4979,127.0276,'2025-03-13'),
('00000000-0000-4000-a001-00000000003e','00000000-0000-4000-a000-000000000010','00000000-0000-4000-a000-000000000001','Milmyeon','Busan Noodle Express','Seoul Station','Cold wheat noodles in icy broth',37.5547,126.9707,'2025-03-13'),
('00000000-0000-4000-a001-00000000003f','00000000-0000-4000-a000-000000000010','00000000-0000-4000-a000-000000000001','Ganjang Gejang','Raw Crab House','Cheongdam','Soy-marinated raw crab',37.5247,127.0495,'2025-03-14'),
('00000000-0000-4000-a001-000000000040','00000000-0000-4000-a000-000000000010','00000000-0000-4000-a000-000000000001','Janchi Guksu','Celebration Noodles','Jongno','Warm anchovy broth noodles',37.5703,126.9792,'2025-03-14')
ON CONFLICT (id) DO NOTHING;

-- ============================================================================
-- 5. Tokyo Food Entries (64) — IDs: a002-000000000001..040
-- ============================================================================

INSERT INTO food_entries (id, trip_id, created_by, title, restaurant_name, location_name, description, latitude, longitude, visited_at) VALUES
('00000000-0000-4000-a002-000000000001','00000000-0000-4000-a000-000000000020','00000000-0000-4000-a000-000000000001','Tonkotsu Ramen','Ichiran Shibuya','Shibuya','Rich pork bone broth with thin noodles',35.6618,139.7038,'2025-04-01'),
('00000000-0000-4000-a002-000000000002','00000000-0000-4000-a000-000000000020','00000000-0000-4000-a000-000000000001','Sushi Omakase','Tsukiji Sushi Say','Tsukiji','Chef''s selection of fresh nigiri',35.6654,139.7707,'2025-04-01'),
('00000000-0000-4000-a002-000000000003','00000000-0000-4000-a000-000000000020','00000000-0000-4000-a000-000000000001','Katsu Curry','CoCo Ichibanya','Shinjuku','Breaded pork cutlet with Japanese curry',35.6938,139.7036,'2025-04-01'),
('00000000-0000-4000-a002-000000000004','00000000-0000-4000-a000-000000000020','00000000-0000-4000-a000-000000000001','Takoyaki','Gindaco Harajuku','Harajuku','Crispy octopus balls with bonito flakes',35.6702,139.7026,'2025-04-02'),
('00000000-0000-4000-a002-000000000005','00000000-0000-4000-a000-000000000020','00000000-0000-4000-a000-000000000001','Udon Noodles','Tsurutontan','Roppongi','Thick wheat noodles in dashi broth',35.6654,139.7299,'2025-04-02'),
('00000000-0000-4000-a002-000000000006','00000000-0000-4000-a000-000000000020','00000000-0000-4000-a000-000000000001','Tempura Bowl','Tendon Tenya','Tokyo Station','Crispy shrimp tempura on rice',35.6812,139.7671,'2025-04-02'),
('00000000-0000-4000-a002-000000000007','00000000-0000-4000-a000-000000000020','00000000-0000-4000-a000-000000000001','Yakitori Skewers','Torikizoku','Ikebukuro','Grilled chicken skewers with tare',35.7295,139.7109,'2025-04-02'),
('00000000-0000-4000-a002-000000000008','00000000-0000-4000-a000-000000000020','00000000-0000-4000-a000-000000000001','Sashimi Platter','Tsukiji Outer Market','Tsukiji','Assorted fresh raw fish',35.6654,139.7707,'2025-04-03'),
('00000000-0000-4000-a002-000000000009','00000000-0000-4000-a000-000000000020','00000000-0000-4000-a000-000000000001','Gyoza Dumplings','Harajuku Gyoza Lou','Harajuku','Pan-fried pork dumplings',35.6702,139.7026,'2025-04-03'),
('00000000-0000-4000-a002-00000000000a','00000000-0000-4000-a000-000000000020','00000000-0000-4000-a000-000000000001','Okonomiyaki','Sometaro','Asakusa','Savory cabbage pancake with pork',35.7148,139.7967,'2025-04-03'),
('00000000-0000-4000-a002-00000000000b','00000000-0000-4000-a000-000000000020','00000000-0000-4000-a000-000000000001','Miso Ramen','Ippudo Ramen','Shibuya','Miso-based ramen with chashu pork',35.6618,139.7038,'2025-04-03'),
('00000000-0000-4000-a002-00000000000c','00000000-0000-4000-a000-000000000020','00000000-0000-4000-a000-000000000001','Chicken Karaage','Karaage Tenya','Shinjuku','Japanese fried chicken thigh',35.6938,139.7036,'2025-04-04'),
('00000000-0000-4000-a002-00000000000d','00000000-0000-4000-a000-000000000020','00000000-0000-4000-a000-000000000001','Unagi Don','Nodaiwa','Azabu','Grilled eel on rice with sweet sauce',35.6553,139.7384,'2025-04-04'),
('00000000-0000-4000-a002-00000000000e','00000000-0000-4000-a000-000000000020','00000000-0000-4000-a000-000000000001','Soba Noodles','Honmura An','Roppongi','Buckwheat noodles served cold',35.6654,139.7299,'2025-04-04'),
('00000000-0000-4000-a002-00000000000f','00000000-0000-4000-a000-000000000020','00000000-0000-4000-a000-000000000001','Shabu Shabu','Nabezo','Ginza','Hot pot with thinly sliced beef',35.6719,139.7648,'2025-04-04'),
('00000000-0000-4000-a002-000000000010','00000000-0000-4000-a000-000000000020','00000000-0000-4000-a000-000000000001','Oyakodon','Tamahide','Ningyocho','Chicken and egg rice bowl',35.6851,139.7815,'2025-04-05'),
('00000000-0000-4000-a002-000000000011','00000000-0000-4000-a000-000000000020','00000000-0000-4000-a000-000000000001','Mentaiko Pasta','Umenohana','Shibuya','Spicy cod roe cream pasta',35.6618,139.7038,'2025-04-05'),
('00000000-0000-4000-a002-000000000012','00000000-0000-4000-a000-000000000020','00000000-0000-4000-a000-000000000001','Beef Sukiyaki','Imahan','Asakusa','Sweet soy beef hot pot',35.7148,139.7967,'2025-04-05'),
('00000000-0000-4000-a002-000000000013','00000000-0000-4000-a000-000000000020','00000000-0000-4000-a000-000000000001','Monjayaki','Monja Street','Tsukishima','Runny Tokyo-style savory pancake',35.6654,139.7846,'2025-04-05'),
('00000000-0000-4000-a002-000000000014','00000000-0000-4000-a000-000000000020','00000000-0000-4000-a000-000000000001','Tori Paitan Ramen','Afuri Ramen','Ebisu','Creamy chicken broth ramen',35.6467,139.7101,'2025-04-06'),
('00000000-0000-4000-a002-000000000015','00000000-0000-4000-a000-000000000020','00000000-0000-4000-a000-000000000001','Nigiri Sushi Set','Sushi Dai','Toyosu','10-piece fresh sushi set',35.6540,139.7854,'2025-04-06'),
('00000000-0000-4000-a002-000000000016','00000000-0000-4000-a000-000000000020','00000000-0000-4000-a000-000000000001','Tsukemen Dipping','Rokurinsha','Tokyo Station','Thick noodles with rich dipping broth',35.6812,139.7671,'2025-04-06'),
('00000000-0000-4000-a002-000000000017','00000000-0000-4000-a000-000000000020','00000000-0000-4000-a000-000000000001','Wagyu Beef','Yoroniku','Minami-Aoyama','Premium Japanese beef yakiniku',35.6655,139.7204,'2025-04-06'),
('00000000-0000-4000-a002-000000000018','00000000-0000-4000-a000-000000000020','00000000-0000-4000-a000-000000000001','Tonkatsu','Maisen','Omotesando','Crispy breaded pork cutlet',35.6655,139.7098,'2025-04-07'),
('00000000-0000-4000-a002-000000000019','00000000-0000-4000-a000-000000000020','00000000-0000-4000-a000-000000000001','Tempura Course','Mikawa Zezankyo','Kayabacho','Multi-course tempura meal',35.6795,139.7766,'2025-04-07'),
('00000000-0000-4000-a002-00000000001a','00000000-0000-4000-a000-000000000020','00000000-0000-4000-a000-000000000001','Kaisendon','Tsukiji Market Stand','Tsukiji','Seafood rice bowl with uni and ikura',35.6654,139.7707,'2025-04-07'),
('00000000-0000-4000-a002-00000000001b','00000000-0000-4000-a000-000000000020','00000000-0000-4000-a000-000000000001','Shoyu Ramen','Afuri Ramen','Harajuku','Soy sauce-based ramen with yuzu',35.6702,139.7026,'2025-04-01'),
('00000000-0000-4000-a002-00000000001c','00000000-0000-4000-a000-000000000020','00000000-0000-4000-a000-000000000001','Melon Pan','Asakusa Kagetsudo','Asakusa','Sweet melon-shaped bread',35.7148,139.7967,'2025-04-01'),
('00000000-0000-4000-a002-00000000001d','00000000-0000-4000-a000-000000000020','00000000-0000-4000-a000-000000000001','Taiyaki','Naniwaya Sohonten','Azabu','Fish-shaped sweet red bean cake',35.6553,139.7384,'2025-04-02'),
('00000000-0000-4000-a002-00000000001e','00000000-0000-4000-a000-000000000020','00000000-0000-4000-a000-000000000001','Beef Curry Rice','Curry House CoCo','Akihabara','Japanese-style beef curry',35.7023,139.7745,'2025-04-02'),
('00000000-0000-4000-a002-00000000001f','00000000-0000-4000-a000-000000000020','00000000-0000-4000-a000-000000000001','Korokke Croquette','Meat Shop Stand','Ikebukuro','Potato and meat croquette',35.7295,139.7109,'2025-04-03'),
('00000000-0000-4000-a002-000000000020','00000000-0000-4000-a000-000000000020','00000000-0000-4000-a000-000000000001','Yakisoba Noodles','Festival Stall','Ueno','Stir-fried noodles with vegetables',35.7138,139.7744,'2025-04-03'),
('00000000-0000-4000-a002-000000000021','00000000-0000-4000-a000-000000000020','00000000-0000-4000-a000-000000000001','Onigiri Rice Ball','Onigiri Bongo','Otsuka','Tuna mayo rice ball wrapped in nori',35.7311,139.7283,'2025-04-04'),
('00000000-0000-4000-a002-000000000022','00000000-0000-4000-a000-000000000020','00000000-0000-4000-a000-000000000001','Chirashi Sushi','Tsukiji Sushi Bun','Tsukiji','Scattered sushi rice with sashimi',35.6654,139.7707,'2025-04-04'),
('00000000-0000-4000-a002-000000000023','00000000-0000-4000-a000-000000000020','00000000-0000-4000-a000-000000000001','Nabeyaki Udon','Yabu Soba','Kanda','Hot pot udon with tempura',35.6919,139.7704,'2025-04-05'),
('00000000-0000-4000-a002-000000000024','00000000-0000-4000-a000-000000000020','00000000-0000-4000-a000-000000000001','Nikujaga','Izakaya Toyo','Ginza','Beef and potato stew',35.6719,139.7648,'2025-04-05'),
('00000000-0000-4000-a002-000000000025','00000000-0000-4000-a000-000000000020','00000000-0000-4000-a000-000000000001','Chanko Nabe','Chanko Tomoegata','Ryogoku','Sumo wrestler hot pot',35.6968,139.7929,'2025-04-06'),
('00000000-0000-4000-a002-000000000026','00000000-0000-4000-a000-000000000020','00000000-0000-4000-a000-000000000001','Hitsumabushi','Bincho','Roppongi','Grilled eel rice three-ways',35.6654,139.7299,'2025-04-06'),
('00000000-0000-4000-a002-000000000027','00000000-0000-4000-a000-000000000020','00000000-0000-4000-a000-000000000001','Anmitsu','Mihashi','Ueno','Sweet agar jelly dessert',35.7138,139.7744,'2025-04-07'),
('00000000-0000-4000-a002-000000000028','00000000-0000-4000-a000-000000000020','00000000-0000-4000-a000-000000000001','Dorayaki','Usagiya','Ueno','Red bean pancake sandwich',35.7138,139.7744,'2025-04-07'),
('00000000-0000-4000-a002-000000000029','00000000-0000-4000-a000-000000000020','00000000-0000-4000-a000-000000000001','Ebi Fry','Ebi Fry Dining','Shinjuku','Breaded fried shrimp',35.6938,139.7036,'2025-04-01'),
('00000000-0000-4000-a002-00000000002a','00000000-0000-4000-a000-000000000020','00000000-0000-4000-a000-000000000001','Chawanmushi','Kaiseki Tsujitome','Akasaka','Savory egg custard with chicken',35.6744,139.7371,'2025-04-01'),
('00000000-0000-4000-a002-00000000002b','00000000-0000-4000-a000-000000000020','00000000-0000-4000-a000-000000000001','Shoyu Karaage','Karaage King','Shibuya','Soy-marinated fried chicken',35.6618,139.7038,'2025-04-02'),
('00000000-0000-4000-a002-00000000002c','00000000-0000-4000-a000-000000000020','00000000-0000-4000-a000-000000000001','Kitsune Udon','Udon Maruka','Tokyo Station','Udon with sweet fried tofu',35.6812,139.7671,'2025-04-02'),
('00000000-0000-4000-a002-00000000002d','00000000-0000-4000-a000-000000000020','00000000-0000-4000-a000-000000000001','Motsunabe','Hakata Motsunabe Yamaya','Shibuya','Offal hot pot with garlic',35.6618,139.7038,'2025-04-03'),
('00000000-0000-4000-a002-00000000002e','00000000-0000-4000-a000-000000000020','00000000-0000-4000-a000-000000000001','Kaisen Chirashi','Fish Market Diner','Toyosu','Premium seafood over rice',35.6540,139.7854,'2025-04-03'),
('00000000-0000-4000-a002-00000000002f','00000000-0000-4000-a000-000000000020','00000000-0000-4000-a000-000000000001','Teriyaki Chicken','Yoshinoya','Akihabara','Grilled chicken with teriyaki glaze',35.7023,139.7745,'2025-04-04'),
('00000000-0000-4000-a002-000000000030','00000000-0000-4000-a000-000000000020','00000000-0000-4000-a000-000000000001','Gyudon Beef Bowl','Sukiya','Ikebukuro','Simmered beef on rice',35.7295,139.7109,'2025-04-04'),
('00000000-0000-4000-a002-000000000031','00000000-0000-4000-a000-000000000020','00000000-0000-4000-a000-000000000001','Mazesoba','Menya Hanabi','Shinjuku','Dry ramen noodles with toppings',35.6938,139.7036,'2025-04-05'),
('00000000-0000-4000-a002-000000000032','00000000-0000-4000-a000-000000000020','00000000-0000-4000-a000-000000000001','Shio Ramen','Shio Ramen Senmonten','Harajuku','Salt-based clear ramen broth',35.6702,139.7026,'2025-04-05'),
('00000000-0000-4000-a002-000000000033','00000000-0000-4000-a000-000000000020','00000000-0000-4000-a000-000000000001','Kaki Fry','Oyster Bar','Tsukiji','Breaded fried oysters',35.6654,139.7707,'2025-04-06'),
('00000000-0000-4000-a002-000000000034','00000000-0000-4000-a000-000000000020','00000000-0000-4000-a000-000000000001','Yakiudon','Noodle Station','Shibuya','Stir-fried thick udon noodles',35.6618,139.7038,'2025-04-06'),
('00000000-0000-4000-a002-000000000035','00000000-0000-4000-a000-000000000020','00000000-0000-4000-a000-000000000001','Saba Shioyaki','Fish Grill','Ginza','Grilled salted mackerel',35.6719,139.7648,'2025-04-07'),
('00000000-0000-4000-a002-000000000036','00000000-0000-4000-a000-000000000020','00000000-0000-4000-a000-000000000001','Butadon','Pork Bowl House','Asakusa','Grilled pork on rice',35.7148,139.7967,'2025-04-07'),
('00000000-0000-4000-a002-000000000037','00000000-0000-4000-a000-000000000020','00000000-0000-4000-a000-000000000001','Mentai Onigiri','Onigiri Stand','Tokyo Station','Spicy cod roe rice ball',35.6812,139.7671,'2025-04-01'),
('00000000-0000-4000-a002-000000000038','00000000-0000-4000-a000-000000000020','00000000-0000-4000-a000-000000000001','Kakiage Don','Tendon Stand','Tsukiji','Mixed vegetable tempura on rice',35.6654,139.7707,'2025-04-01'),
('00000000-0000-4000-a002-000000000039','00000000-0000-4000-a000-000000000020','00000000-0000-4000-a000-000000000001','Negitoro Don','Sushi Bowl','Shibuya','Minced tuna and green onion rice bowl',35.6618,139.7038,'2025-04-02'),
('00000000-0000-4000-a002-00000000003a','00000000-0000-4000-a000-000000000020','00000000-0000-4000-a000-000000000001','Yaki Onigiri','Grilled Rice Ball Cart','Ueno','Grilled soy sauce rice ball',35.7138,139.7744,'2025-04-02'),
('00000000-0000-4000-a002-00000000003b','00000000-0000-4000-a000-000000000020','00000000-0000-4000-a000-000000000001','Gomoku Gohan','Mixed Rice House','Roppongi','Five-ingredient seasoned rice',35.6654,139.7299,'2025-04-03'),
('00000000-0000-4000-a002-00000000003c','00000000-0000-4000-a000-000000000020','00000000-0000-4000-a000-000000000001','Kamo Nanban Soba','Duck Soba House','Kanda','Soba with duck and leek',35.6919,139.7704,'2025-04-03'),
('00000000-0000-4000-a002-00000000003d','00000000-0000-4000-a000-000000000020','00000000-0000-4000-a000-000000000001','Natto Gohan','Breakfast Teishoku','Ikebukuro','Fermented soybeans on rice',35.7295,139.7109,'2025-04-04'),
('00000000-0000-4000-a002-00000000003e','00000000-0000-4000-a000-000000000020','00000000-0000-4000-a000-000000000001','Horumon Yakiniku','Offal BBQ','Shinjuku','Grilled beef offal',35.6938,139.7036,'2025-04-04'),
('00000000-0000-4000-a002-00000000003f','00000000-0000-4000-a000-000000000020','00000000-0000-4000-a000-000000000001','Ankake Yakisoba','Sauce Noodles','Akihabara','Stir-fried noodles with thick sauce',35.7023,139.7745,'2025-04-05'),
('00000000-0000-4000-a002-000000000040','00000000-0000-4000-a000-000000000020','00000000-0000-4000-a000-000000000001','Matcha Parfait','Nana''s Green Tea','Omotesando','Green tea ice cream parfait',35.6655,139.7098,'2025-04-05')
ON CONFLICT (id) DO NOTHING;

-- ============================================================================
-- 6. Seoul Ratings (64)
-- ============================================================================

INSERT INTO ratings (entry_id, user_id, score, review_text) VALUES
('00000000-0000-4000-a001-000000000001','00000000-0000-4000-a000-000000000001',8,'Perfect street food classic'),
('00000000-0000-4000-a001-000000000002','00000000-0000-4000-a000-000000000001',7,'Fresh and filling'),
('00000000-0000-4000-a001-000000000003','00000000-0000-4000-a000-000000000001',9,'Amazing quality pork'),
('00000000-0000-4000-a001-000000000004','00000000-0000-4000-a000-000000000001',10,'Best naengmyeon in Seoul'),
('00000000-0000-4000-a001-000000000005','00000000-0000-4000-a000-000000000001',9,'Crispy and addictive'),
('00000000-0000-4000-a001-000000000006','00000000-0000-4000-a000-000000000001',8,'Comforting and spicy'),
('00000000-0000-4000-a001-000000000007','00000000-0000-4000-a000-000000000001',7,'Good traditional bibimbap'),
('00000000-0000-4000-a001-000000000008','00000000-0000-4000-a000-000000000001',8,'Rich and flavorful'),
('00000000-0000-4000-a001-000000000009','00000000-0000-4000-a000-000000000001',6,'Decent but not memorable'),
('00000000-0000-4000-a001-00000000000a','00000000-0000-4000-a000-000000000001',9,'Tender and sweet'),
('00000000-0000-4000-a001-00000000000b','00000000-0000-4000-a000-000000000001',10,'Worth the price'),
('00000000-0000-4000-a001-00000000000c','00000000-0000-4000-a000-000000000001',8,'Sweet and satisfying'),
('00000000-0000-4000-a001-00000000000d','00000000-0000-4000-a000-000000000001',7,'Juicy dumplings'),
('00000000-0000-4000-a001-00000000000e','00000000-0000-4000-a000-000000000001',6,'Standard jajangmyeon'),
('00000000-0000-4000-a001-00000000000f','00000000-0000-4000-a000-000000000001',9,'Perfectly boiled pork'),
('00000000-0000-4000-a001-000000000010','00000000-0000-4000-a000-000000000001',8,'Hearty and warming'),
('00000000-0000-4000-a001-000000000011','00000000-0000-4000-a000-000000000001',5,'Okay for a snack'),
('00000000-0000-4000-a001-000000000012','00000000-0000-4000-a000-000000000001',7,'Great rainy day food'),
('00000000-0000-4000-a001-000000000013','00000000-0000-4000-a000-000000000001',8,'Loaded with seafood'),
('00000000-0000-4000-a001-000000000014','00000000-0000-4000-a000-000000000001',6,'Convenient and cheap'),
('00000000-0000-4000-a001-000000000015','00000000-0000-4000-a000-000000000001',9,'Super spicy and good'),
('00000000-0000-4000-a001-000000000016','00000000-0000-4000-a000-000000000001',10,'Cheese heaven'),
('00000000-0000-4000-a001-000000000017','00000000-0000-4000-a000-000000000001',8,'Silky smooth tofu'),
('00000000-0000-4000-a001-000000000018','00000000-0000-4000-a000-000000000001',7,'Unique texture'),
('00000000-0000-4000-a001-000000000019','00000000-0000-4000-a000-000000000001',9,'Refreshing cold noodles'),
('00000000-0000-4000-a001-00000000001a','00000000-0000-4000-a000-000000000001',8,'Fun fusion dish'),
('00000000-0000-4000-a001-00000000001b','00000000-0000-4000-a000-000000000001',8,'Rich milky broth'),
('00000000-0000-4000-a001-00000000001c','00000000-0000-4000-a000-000000000001',7,'Light summer noodles'),
('00000000-0000-4000-a001-00000000001d','00000000-0000-4000-a000-000000000001',10,'Melt-in-mouth beef'),
('00000000-0000-4000-a001-00000000001e','00000000-0000-4000-a000-000000000001',7,'Crispy and juicy'),
('00000000-0000-4000-a001-00000000001f','00000000-0000-4000-a000-000000000001',6,'Interesting taste'),
('00000000-0000-4000-a001-000000000020','00000000-0000-4000-a000-000000000001',9,'Sweet and crispy'),
('00000000-0000-4000-a001-000000000021','00000000-0000-4000-a000-000000000001',6,'Quick lunch option'),
('00000000-0000-4000-a001-000000000022','00000000-0000-4000-a000-000000000001',8,'Best of both worlds'),
('00000000-0000-4000-a001-000000000023','00000000-0000-4000-a000-000000000001',7,'Crunchy and tangy'),
('00000000-0000-4000-a001-000000000024','00000000-0000-4000-a000-000000000001',7,'Warm and comforting'),
('00000000-0000-4000-a001-000000000025','00000000-0000-4000-a000-000000000001',9,'Nutritious and tasty'),
('00000000-0000-4000-a001-000000000026','00000000-0000-4000-a000-000000000001',9,'Perfectly glazed'),
('00000000-0000-4000-a001-000000000027','00000000-0000-4000-a000-000000000001',8,'Fresh handmade noodles'),
('00000000-0000-4000-a001-000000000028','00000000-0000-4000-a000-000000000001',8,'Spicy seafood delight'),
('00000000-0000-4000-a001-000000000029','00000000-0000-4000-a000-000000000001',7,'Classic Korean taste'),
('00000000-0000-4000-a001-00000000002a','00000000-0000-4000-a000-000000000001',10,'Premium quality beef'),
('00000000-0000-4000-a001-00000000002b','00000000-0000-4000-a000-000000000001',8,'Seafood overload'),
('00000000-0000-4000-a001-00000000002c','00000000-0000-4000-a000-000000000001',9,'Stretchy cheese fun'),
('00000000-0000-4000-a001-00000000002d','00000000-0000-4000-a000-000000000001',7,'Savory and crispy'),
('00000000-0000-4000-a001-00000000002e','00000000-0000-4000-a000-000000000001',7,'Light and refreshing'),
('00000000-0000-4000-a001-00000000002f','00000000-0000-4000-a000-000000000001',6,'Traditional comfort food'),
('00000000-0000-4000-a001-000000000030','00000000-0000-4000-a000-000000000001',5,'Nostalgic taste'),
('00000000-0000-4000-a001-000000000031','00000000-0000-4000-a000-000000000001',6,'Good street snack'),
('00000000-0000-4000-a001-000000000032','00000000-0000-4000-a000-000000000001',5,'Acquired taste'),
('00000000-0000-4000-a001-000000000033','00000000-0000-4000-a000-000000000001',8,'Spicy and cold'),
('00000000-0000-4000-a001-000000000034','00000000-0000-4000-a000-000000000001',9,'Fiery octopus'),
('00000000-0000-4000-a001-000000000035','00000000-0000-4000-a000-000000000001',8,'Clear and savory'),
('00000000-0000-4000-a001-000000000036','00000000-0000-4000-a000-000000000001',8,'Spicy seafood noodles'),
('00000000-0000-4000-a001-000000000037','00000000-0000-4000-a000-000000000001',7,'Sweet and sour delight'),
('00000000-0000-4000-a001-000000000038','00000000-0000-4000-a000-000000000001',8,'Fiery beef soup'),
('00000000-0000-4000-a001-000000000039','00000000-0000-4000-a000-000000000001',9,'Perfectly spicy pork'),
('00000000-0000-4000-a001-00000000003a','00000000-0000-4000-a000-000000000001',6,'Unique seafood dish'),
('00000000-0000-4000-a001-00000000003b','00000000-0000-4000-a000-000000000001',7,'Mild and sweet'),
('00000000-0000-4000-a001-00000000003c','00000000-0000-4000-a000-000000000001',7,'Spicy cold noodles'),
('00000000-0000-4000-a001-00000000003d','00000000-0000-4000-a000-000000000001',10,'Top-tier ribs'),
('00000000-0000-4000-a001-00000000003e','00000000-0000-4000-a000-000000000001',6,'Refreshing wheat noodles'),
('00000000-0000-4000-a001-00000000003f','00000000-0000-4000-a000-000000000001',10,'Luxurious raw crab'),
('00000000-0000-4000-a001-000000000040','00000000-0000-4000-a000-000000000001',7,'Simple celebration noodles')
ON CONFLICT (entry_id, user_id) DO NOTHING;

-- ============================================================================
-- 7. Tokyo Ratings (64)
-- ============================================================================

INSERT INTO ratings (entry_id, user_id, score, review_text) VALUES
('00000000-0000-4000-a002-000000000001','00000000-0000-4000-a000-000000000001',10,'Best tonkotsu ramen ever'),
('00000000-0000-4000-a002-000000000002','00000000-0000-4000-a000-000000000001',10,'Incredibly fresh sushi'),
('00000000-0000-4000-a002-000000000003','00000000-0000-4000-a000-000000000001',8,'Comforting katsu curry'),
('00000000-0000-4000-a002-000000000004','00000000-0000-4000-a000-000000000001',7,'Fun street food'),
('00000000-0000-4000-a002-000000000005','00000000-0000-4000-a000-000000000001',8,'Thick and satisfying udon'),
('00000000-0000-4000-a002-000000000006','00000000-0000-4000-a000-000000000001',7,'Good value tempura'),
('00000000-0000-4000-a002-000000000007','00000000-0000-4000-a000-000000000001',8,'Perfect yakitori'),
('00000000-0000-4000-a002-000000000008','00000000-0000-4000-a000-000000000001',10,'Melt-in-mouth sashimi'),
('00000000-0000-4000-a002-000000000009','00000000-0000-4000-a000-000000000001',7,'Crispy gyoza'),
('00000000-0000-4000-a002-00000000000a','00000000-0000-4000-a000-000000000001',9,'Savory and filling'),
('00000000-0000-4000-a002-00000000000b','00000000-0000-4000-a000-000000000001',9,'Rich miso broth'),
('00000000-0000-4000-a002-00000000000c','00000000-0000-4000-a000-000000000001',8,'Crispy fried chicken'),
('00000000-0000-4000-a002-00000000000d','00000000-0000-4000-a000-000000000001',10,'Luxurious grilled eel'),
('00000000-0000-4000-a002-00000000000e','00000000-0000-4000-a000-000000000001',8,'Refreshing cold soba'),
('00000000-0000-4000-a002-00000000000f','00000000-0000-4000-a000-000000000001',9,'Premium beef hot pot'),
('00000000-0000-4000-a002-000000000010','00000000-0000-4000-a000-000000000001',8,'Classic oyakodon'),
('00000000-0000-4000-a002-000000000011','00000000-0000-4000-a000-000000000001',7,'Creamy mentaiko pasta'),
('00000000-0000-4000-a002-000000000012','00000000-0000-4000-a000-000000000001',9,'Sweet sukiyaki'),
('00000000-0000-4000-a002-000000000013','00000000-0000-4000-a000-000000000001',6,'Unique monjayaki'),
('00000000-0000-4000-a002-000000000014','00000000-0000-4000-a000-000000000001',9,'Creamy chicken ramen'),
('00000000-0000-4000-a002-000000000015','00000000-0000-4000-a000-000000000001',10,'Worth the queue'),
('00000000-0000-4000-a002-000000000016','00000000-0000-4000-a000-000000000001',10,'Amazing tsukemen'),
('00000000-0000-4000-a002-000000000017','00000000-0000-4000-a000-000000000001',10,'Best wagyu experience'),
('00000000-0000-4000-a002-000000000018','00000000-0000-4000-a000-000000000001',9,'Perfectly crispy tonkatsu'),
('00000000-0000-4000-a002-000000000019','00000000-0000-4000-a000-000000000001',10,'Multi-course tempura heaven'),
('00000000-0000-4000-a002-00000000001a','00000000-0000-4000-a000-000000000001',9,'Fresh seafood bowl'),
('00000000-0000-4000-a002-00000000001b','00000000-0000-4000-a000-000000000001',8,'Yuzu-flavored ramen'),
('00000000-0000-4000-a002-00000000001c','00000000-0000-4000-a000-000000000001',7,'Sweet melon bread'),
('00000000-0000-4000-a002-00000000001d','00000000-0000-4000-a000-000000000001',7,'Cute fish-shaped cake'),
('00000000-0000-4000-a002-00000000001e','00000000-0000-4000-a000-000000000001',7,'Standard curry rice'),
('00000000-0000-4000-a002-00000000001f','00000000-0000-4000-a000-000000000001',6,'Classic croquette'),
('00000000-0000-4000-a002-000000000020','00000000-0000-4000-a000-000000000001',7,'Festival-style noodles'),
('00000000-0000-4000-a002-000000000021','00000000-0000-4000-a000-000000000001',8,'Perfect onigiri'),
('00000000-0000-4000-a002-000000000022','00000000-0000-4000-a000-000000000001',9,'Colorful chirashi'),
('00000000-0000-4000-a002-000000000023','00000000-0000-4000-a000-000000000001',8,'Hot pot udon'),
('00000000-0000-4000-a002-000000000024','00000000-0000-4000-a000-000000000001',7,'Homestyle nikujaga'),
('00000000-0000-4000-a002-000000000025','00000000-0000-4000-a000-000000000001',8,'Hearty chanko nabe'),
('00000000-0000-4000-a002-000000000026','00000000-0000-4000-a000-000000000001',9,'Three-way eel rice'),
('00000000-0000-4000-a002-000000000027','00000000-0000-4000-a000-000000000001',6,'Sweet jelly dessert'),
('00000000-0000-4000-a002-000000000028','00000000-0000-4000-a000-000000000001',7,'Classic dorayaki'),
('00000000-0000-4000-a002-000000000029','00000000-0000-4000-a000-000000000001',8,'Crispy ebi fry'),
('00000000-0000-4000-a002-00000000002a','00000000-0000-4000-a000-000000000001',8,'Silky chawanmushi'),
('00000000-0000-4000-a002-00000000002b','00000000-0000-4000-a000-000000000001',9,'Juicy karaage'),
('00000000-0000-4000-a002-00000000002c','00000000-0000-4000-a000-000000000001',7,'Sweet tofu udon'),
('00000000-0000-4000-a002-00000000002d','00000000-0000-4000-a000-000000000001',8,'Rich motsunabe'),
('00000000-0000-4000-a002-00000000002e','00000000-0000-4000-a000-000000000001',10,'Premium market seafood'),
('00000000-0000-4000-a002-00000000002f','00000000-0000-4000-a000-000000000001',7,'Glazed teriyaki'),
('00000000-0000-4000-a002-000000000030','00000000-0000-4000-a000-000000000001',6,'Quick beef bowl'),
('00000000-0000-4000-a002-000000000031','00000000-0000-4000-a000-000000000001',8,'Unique mazesoba'),
('00000000-0000-4000-a002-000000000032','00000000-0000-4000-a000-000000000001',7,'Light salt ramen'),
('00000000-0000-4000-a002-000000000033','00000000-0000-4000-a000-000000000001',9,'Crispy oyster fry'),
('00000000-0000-4000-a002-000000000034','00000000-0000-4000-a000-000000000001',7,'Stir-fried udon'),
('00000000-0000-4000-a002-000000000035','00000000-0000-4000-a000-000000000001',8,'Grilled mackerel'),
('00000000-0000-4000-a002-000000000036','00000000-0000-4000-a000-000000000001',7,'Savory pork bowl'),
('00000000-0000-4000-a002-000000000037','00000000-0000-4000-a000-000000000001',6,'Spicy onigiri'),
('00000000-0000-4000-a002-000000000038','00000000-0000-4000-a000-000000000001',7,'Tempura rice bowl'),
('00000000-0000-4000-a002-000000000039','00000000-0000-4000-a000-000000000001',9,'Fresh negitoro'),
('00000000-0000-4000-a002-00000000003a','00000000-0000-4000-a000-000000000001',6,'Grilled rice ball'),
('00000000-0000-4000-a002-00000000003b','00000000-0000-4000-a000-000000000001',7,'Mixed rice dish'),
('00000000-0000-4000-a002-00000000003c','00000000-0000-4000-a000-000000000001',8,'Duck and leek soba'),
('00000000-0000-4000-a002-00000000003d','00000000-0000-4000-a000-000000000001',5,'Acquired taste natto'),
('00000000-0000-4000-a002-00000000003e','00000000-0000-4000-a000-000000000001',7,'Grilled offal'),
('00000000-0000-4000-a002-00000000003f','00000000-0000-4000-a000-000000000001',7,'Saucy yakisoba'),
('00000000-0000-4000-a002-000000000040','00000000-0000-4000-a000-000000000001',8,'Matcha ice cream parfait')
ON CONFLICT (entry_id, user_id) DO NOTHING;

-- ============================================================================
-- 8. Food Photos with Food-Specific Images
-- ============================================================================
-- Each food entry has a carefully selected high-quality image matching the dish

INSERT INTO food_photos (entry_id, photo_url, display_order, uploaded_by) VALUES
-- Seoul Food Photos (64 entries)
('00000000-0000-4000-a001-000000000001', 'https://images.unsplash.com/photo-1567620905732-2d1ec7ab7445?w=800&h=600&fit=crop', 0, '00000000-0000-4000-a000-000000000001'),
('00000000-0000-4000-a001-000000000002', 'https://images.unsplash.com/photo-1555939594-58d7cb561ad1?w=800&h=600&fit=crop', 0, '00000000-0000-4000-a000-000000000001'),
('00000000-0000-4000-a001-000000000003', 'https://images.unsplash.com/photo-1593560708920-61dd98c46a4e?w=800&h=600&fit=crop', 0, '00000000-0000-4000-a000-000000000001'),
('00000000-0000-4000-a001-000000000004', 'https://images.unsplash.com/photo-1552611052-33e04de081de?w=800&h=600&fit=crop', 0, '00000000-0000-4000-a000-000000000001'),
('00000000-0000-4000-a001-000000000005', 'https://images.unsplash.com/photo-1626082927389-6cd097cdc6ec?w=800&h=600&fit=crop', 0, '00000000-0000-4000-a000-000000000001'),
('00000000-0000-4000-a001-000000000006', 'https://images.unsplash.com/photo-1565299624946-b28f40a0ae38?w=800&h=600&fit=crop', 0, '00000000-0000-4000-a000-000000000001'),
('00000000-0000-4000-a001-000000000007', 'https://images.unsplash.com/photo-1553621042-f6e147245754?w=800&h=600&fit=crop', 0, '00000000-0000-4000-a000-000000000001'),
('00000000-0000-4000-a001-000000000008', 'https://images.unsplash.com/photo-1540189549336-e6e99c3679fe?w=800&h=600&fit=crop', 0, '00000000-0000-4000-a000-000000000001'),
('00000000-0000-4000-a001-000000000009', 'https://images.unsplash.com/photo-1555126634-323283e090fa?w=800&h=600&fit=crop', 0, '00000000-0000-4000-a000-000000000001'),
('00000000-0000-4000-a001-00000000000a', 'https://images.unsplash.com/photo-1603360946369-dc9bb6258143?w=800&h=600&fit=crop', 0, '00000000-0000-4000-a000-000000000001'),
('00000000-0000-4000-a001-00000000000b', 'https://images.unsplash.com/photo-1544025162-d76694265947?w=800&h=600&fit=crop', 0, '00000000-0000-4000-a000-000000000001'),
('00000000-0000-4000-a001-00000000000c', 'https://images.unsplash.com/photo-1565557623262-b51c2513a641?w=800&h=600&fit=crop', 0, '00000000-0000-4000-a000-000000000001'),
('00000000-0000-4000-a001-00000000000d', 'https://images.unsplash.com/photo-1496116218417-1a781b1c416c?w=800&h=600&fit=crop', 0, '00000000-0000-4000-a000-000000000001'),
('00000000-0000-4000-a001-00000000000e', 'https://images.unsplash.com/photo-1617093727343-374698b1b08d?w=800&h=600&fit=crop', 0, '00000000-0000-4000-a000-000000000001'),
('00000000-0000-4000-a001-00000000000f', 'https://images.unsplash.com/photo-1565958011703-44f9829ba187?w=800&h=600&fit=crop', 0, '00000000-0000-4000-a000-000000000001'),
('00000000-0000-4000-a001-000000000010', 'https://images.unsplash.com/photo-1565299624946-b28f40a0ae38?w=800&h=600&fit=crop', 0, '00000000-0000-4000-a000-000000000001'),
('00000000-0000-4000-a001-000000000011', 'https://images.unsplash.com/photo-1563379926898-05f4575a45d8?w=800&h=600&fit=crop', 0, '00000000-0000-4000-a000-000000000001'),
('00000000-0000-4000-a001-000000000012', 'https://images.unsplash.com/photo-1606491956689-2ea866880c84?w=800&h=600&fit=crop', 0, '00000000-0000-4000-a000-000000000001'),
('00000000-0000-4000-a001-000000000013', 'https://images.unsplash.com/photo-1606491956689-2ea866880c84?w=800&h=600&fit=crop', 0, '00000000-0000-4000-a000-000000000001'),
('00000000-0000-4000-a001-000000000014', 'https://images.unsplash.com/photo-1555939594-58d7cb561ad1?w=800&h=600&fit=crop', 0, '00000000-0000-4000-a000-000000000001'),
('00000000-0000-4000-a001-000000000015', 'https://images.unsplash.com/photo-1598103442097-8b74394b95c6?w=800&h=600&fit=crop', 0, '00000000-0000-4000-a000-000000000001'),
('00000000-0000-4000-a001-000000000016', 'https://images.unsplash.com/photo-1567620905732-2d1ec7ab7445?w=800&h=600&fit=crop', 0, '00000000-0000-4000-a000-000000000001'),
('00000000-0000-4000-a001-000000000017', 'https://images.unsplash.com/photo-1565299624946-b28f40a0ae38?w=800&h=600&fit=crop', 0, '00000000-0000-4000-a000-000000000001'),
('00000000-0000-4000-a001-000000000018', 'https://images.unsplash.com/photo-1544025162-d76694265947?w=800&h=600&fit=crop', 0, '00000000-0000-4000-a000-000000000001'),
('00000000-0000-4000-a001-000000000019', 'https://images.unsplash.com/photo-1552611052-33e04de081de?w=800&h=600&fit=crop', 0, '00000000-0000-4000-a000-000000000001'),
('00000000-0000-4000-a001-00000000001a', 'https://images.unsplash.com/photo-1540189549336-e6e99c3679fe?w=800&h=600&fit=crop', 0, '00000000-0000-4000-a000-000000000001'),
('00000000-0000-4000-a001-00000000001b', 'https://images.unsplash.com/photo-1565299624946-b28f40a0ae38?w=800&h=600&fit=crop', 0, '00000000-0000-4000-a000-000000000001'),
('00000000-0000-4000-a001-00000000001c', 'https://images.unsplash.com/photo-1552611052-33e04de081de?w=800&h=600&fit=crop', 0, '00000000-0000-4000-a000-000000000001'),
('00000000-0000-4000-a001-00000000001d', 'https://images.unsplash.com/photo-1603360946369-dc9bb6258143?w=800&h=600&fit=crop', 0, '00000000-0000-4000-a000-000000000001'),
('00000000-0000-4000-a001-00000000001e', 'https://images.unsplash.com/photo-1565958011703-44f9829ba187?w=800&h=600&fit=crop', 0, '00000000-0000-4000-a000-000000000001'),
('00000000-0000-4000-a001-00000000001f', 'https://images.unsplash.com/photo-1565958011703-44f9829ba187?w=800&h=600&fit=crop', 0, '00000000-0000-4000-a000-000000000001'),
('00000000-0000-4000-a001-000000000020', 'https://images.unsplash.com/photo-1626082927389-6cd097cdc6ec?w=800&h=600&fit=crop', 0, '00000000-0000-4000-a000-000000000001'),
('00000000-0000-4000-a001-000000000021', 'https://images.unsplash.com/photo-1555939594-58d7cb561ad1?w=800&h=600&fit=crop', 0, '00000000-0000-4000-a000-000000000001'),
('00000000-0000-4000-a001-000000000022', 'https://images.unsplash.com/photo-1567620905732-2d1ec7ab7445?w=800&h=600&fit=crop', 0, '00000000-0000-4000-a000-000000000001'),
('00000000-0000-4000-a001-000000000023', 'https://images.unsplash.com/photo-1496116218417-1a781b1c416c?w=800&h=600&fit=crop', 0, '00000000-0000-4000-a000-000000000001'),
('00000000-0000-4000-a001-000000000024', 'https://images.unsplash.com/photo-1565299624946-b28f40a0ae38?w=800&h=600&fit=crop', 0, '00000000-0000-4000-a000-000000000001'),
('00000000-0000-4000-a001-000000000025', 'https://images.unsplash.com/photo-1598103442097-8b74394b95c6?w=800&h=600&fit=crop', 0, '00000000-0000-4000-a000-000000000001'),
('00000000-0000-4000-a001-000000000026', 'https://images.unsplash.com/photo-1626082927389-6cd097cdc6ec?w=800&h=600&fit=crop', 0, '00000000-0000-4000-a000-000000000001'),
('00000000-0000-4000-a001-000000000027', 'https://images.unsplash.com/photo-1569718212165-3a8278d5f624?w=800&h=600&fit=crop', 0, '00000000-0000-4000-a000-000000000001'),
('00000000-0000-4000-a001-000000000028', 'https://images.unsplash.com/photo-1565557623262-b51c2513a641?w=800&h=600&fit=crop', 0, '00000000-0000-4000-a000-000000000001'),
('00000000-0000-4000-a001-000000000029', 'https://images.unsplash.com/photo-1540189549336-e6e99c3679fe?w=800&h=600&fit=crop', 0, '00000000-0000-4000-a000-000000000001'),
('00000000-0000-4000-a001-00000000002a', 'https://images.unsplash.com/photo-1603360946369-dc9bb6258143?w=800&h=600&fit=crop', 0, '00000000-0000-4000-a000-000000000001'),
('00000000-0000-4000-a001-00000000002b', 'https://images.unsplash.com/photo-1565557623262-b51c2513a641?w=800&h=600&fit=crop', 0, '00000000-0000-4000-a000-000000000001'),
('00000000-0000-4000-a001-00000000002c', 'https://images.unsplash.com/photo-1563379926898-05f4575a45d8?w=800&h=600&fit=crop', 0, '00000000-0000-4000-a000-000000000001'),
('00000000-0000-4000-a001-00000000002d', 'https://images.unsplash.com/photo-1606491956689-2ea866880c84?w=800&h=600&fit=crop', 0, '00000000-0000-4000-a000-000000000001'),
('00000000-0000-4000-a001-00000000002e', 'https://images.unsplash.com/photo-1552611052-33e04de081de?w=800&h=600&fit=crop', 0, '00000000-0000-4000-a000-000000000001'),
('00000000-0000-4000-a001-00000000002f', 'https://images.unsplash.com/photo-1569718212165-3a8278d5f624?w=800&h=600&fit=crop', 0, '00000000-0000-4000-a000-000000000001'),
('00000000-0000-4000-a001-000000000030', 'https://images.unsplash.com/photo-1563379926898-05f4575a45d8?w=800&h=600&fit=crop', 0, '00000000-0000-4000-a000-000000000001'),
('00000000-0000-4000-a001-000000000031', 'https://images.unsplash.com/photo-1598103442097-8b74394b95c6?w=800&h=600&fit=crop', 0, '00000000-0000-4000-a000-000000000001'),
('00000000-0000-4000-a001-000000000032', 'https://images.unsplash.com/photo-1544025162-d76694265947?w=800&h=600&fit=crop', 0, '00000000-0000-4000-a000-000000000001'),
('00000000-0000-4000-a001-000000000033', 'https://images.unsplash.com/photo-1552611052-33e04de081de?w=800&h=600&fit=crop', 0, '00000000-0000-4000-a000-000000000001'),
('00000000-0000-4000-a001-000000000034', 'https://images.unsplash.com/photo-1565557623262-b51c2513a641?w=800&h=600&fit=crop', 0, '00000000-0000-4000-a000-000000000001'),
('00000000-0000-4000-a001-000000000035', 'https://images.unsplash.com/photo-1565299624946-b28f40a0ae38?w=800&h=600&fit=crop', 0, '00000000-0000-4000-a000-000000000001'),
('00000000-0000-4000-a001-000000000036', 'https://images.unsplash.com/photo-1563379926898-05f4575a45d8?w=800&h=600&fit=crop', 0, '00000000-0000-4000-a000-000000000001'),
('00000000-0000-4000-a001-000000000037', 'https://images.unsplash.com/photo-1565958011703-44f9829ba187?w=800&h=600&fit=crop', 0, '00000000-0000-4000-a000-000000000001'),
('00000000-0000-4000-a001-000000000038', 'https://images.unsplash.com/photo-1565299624946-b28f40a0ae38?w=800&h=600&fit=crop', 0, '00000000-0000-4000-a000-000000000001'),
('00000000-0000-4000-a001-000000000039', 'https://images.unsplash.com/photo-1606491956689-2ea866880c84?w=800&h=600&fit=crop', 0, '00000000-0000-4000-a000-000000000001'),
('00000000-0000-4000-a001-00000000003a', 'https://images.unsplash.com/photo-1565557623262-b51c2513a641?w=800&h=600&fit=crop', 0, '00000000-0000-4000-a000-000000000001'),
('00000000-0000-4000-a001-00000000003b', 'https://images.unsplash.com/photo-1567620905732-2d1ec7ab7445?w=800&h=600&fit=crop', 0, '00000000-0000-4000-a000-000000000001'),
('00000000-0000-4000-a001-00000000003c', 'https://images.unsplash.com/photo-1552611052-33e04de081de?w=800&h=600&fit=crop', 0, '00000000-0000-4000-a000-000000000001'),
('00000000-0000-4000-a001-00000000003d', 'https://images.unsplash.com/photo-1544025162-d76694265947?w=800&h=600&fit=crop', 0, '00000000-0000-4000-a000-000000000001'),
('00000000-0000-4000-a001-00000000003e', 'https://images.unsplash.com/photo-1552611052-33e04de081de?w=800&h=600&fit=crop', 0, '00000000-0000-4000-a000-000000000001'),
('00000000-0000-4000-a001-00000000003f', 'https://images.unsplash.com/photo-1565557623262-b51c2513a641?w=800&h=600&fit=crop', 0, '00000000-0000-4000-a000-000000000001'),
('00000000-0000-4000-a001-000000000040', 'https://images.unsplash.com/photo-1569718212165-3a8278d5f624?w=800&h=600&fit=crop', 0, '00000000-0000-4000-a000-000000000001'),

-- Tokyo Food Photos (64 entries)
('00000000-0000-4000-a002-000000000001', 'https://images.unsplash.com/photo-1569718212165-3a8278d5f624?w=800&h=600&fit=crop', 0, '00000000-0000-4000-a000-000000000001'),
('00000000-0000-4000-a002-000000000002', 'https://images.unsplash.com/photo-1579871494447-9811cf80d66c?w=800&h=600&fit=crop', 0, '00000000-0000-4000-a000-000000000001'),
('00000000-0000-4000-a002-000000000003', 'https://images.unsplash.com/photo-1565557623262-b51c2513a641?w=800&h=600&fit=crop', 0, '00000000-0000-4000-a000-000000000001'),
('00000000-0000-4000-a002-000000000004', 'https://images.unsplash.com/photo-1604382354936-07c5d9983bd3?w=800&h=600&fit=crop', 0, '00000000-0000-4000-a000-000000000001'),
('00000000-0000-4000-a002-000000000005', 'https://images.unsplash.com/photo-1618841557871-b4664fbf0cb3?w=800&h=600&fit=crop', 0, '00000000-0000-4000-a000-000000000001'),
('00000000-0000-4000-a002-000000000006', 'https://images.unsplash.com/photo-1579584425555-c3ce17fd4351?w=800&h=600&fit=crop', 0, '00000000-0000-4000-a000-000000000001'),
('00000000-0000-4000-a002-000000000007', 'https://images.unsplash.com/photo-1529692236671-f1f6cf9683ba?w=800&h=600&fit=crop', 0, '00000000-0000-4000-a000-000000000001'),
('00000000-0000-4000-a002-000000000008', 'https://images.unsplash.com/photo-1579871494447-9811cf80d66c?w=800&h=600&fit=crop', 0, '00000000-0000-4000-a000-000000000001'),
('00000000-0000-4000-a002-000000000009', 'https://images.unsplash.com/photo-1496116218417-1a781b1c416c?w=800&h=600&fit=crop', 0, '00000000-0000-4000-a000-000000000001'),
('00000000-0000-4000-a002-00000000000a', 'https://images.unsplash.com/photo-1606491956689-2ea866880c84?w=800&h=600&fit=crop', 0, '00000000-0000-4000-a000-000000000001'),
('00000000-0000-4000-a002-00000000000b', 'https://images.unsplash.com/photo-1591814468924-caf88d1232e1?w=800&h=600&fit=crop', 0, '00000000-0000-4000-a000-000000000001'),
('00000000-0000-4000-a002-00000000000c', 'https://images.unsplash.com/photo-1626082927389-6cd097cdc6ec?w=800&h=600&fit=crop', 0, '00000000-0000-4000-a000-000000000001'),
('00000000-0000-4000-a002-00000000000d', 'https://images.unsplash.com/photo-1617196034796-73dfa7b1fd56?w=800&h=600&fit=crop', 0, '00000000-0000-4000-a000-000000000001'),
('00000000-0000-4000-a002-00000000000e', 'https://images.unsplash.com/photo-1552611052-33e04de081de?w=800&h=600&fit=crop', 0, '00000000-0000-4000-a000-000000000001'),
('00000000-0000-4000-a002-00000000000f', 'https://images.unsplash.com/photo-1544025162-d76694265947?w=800&h=600&fit=crop', 0, '00000000-0000-4000-a000-000000000001'),
('00000000-0000-4000-a002-000000000010', 'https://images.unsplash.com/photo-1604382354936-07c5d9983bd3?w=800&h=600&fit=crop', 0, '00000000-0000-4000-a000-000000000001'),
('00000000-0000-4000-a002-000000000011', 'https://images.unsplash.com/photo-1551183053-bf91b1d3116c?w=800&h=600&fit=crop', 0, '00000000-0000-4000-a000-000000000001'),
('00000000-0000-4000-a002-000000000012', 'https://images.unsplash.com/photo-1544025162-d76694265947?w=800&h=600&fit=crop', 0, '00000000-0000-4000-a000-000000000001'),
('00000000-0000-4000-a002-000000000013', 'https://images.unsplash.com/photo-1606491956689-2ea866880c84?w=800&h=600&fit=crop', 0, '00000000-0000-4000-a000-000000000001'),
('00000000-0000-4000-a002-000000000014', 'https://images.unsplash.com/photo-1591814468924-caf88d1232e1?w=800&h=600&fit=crop', 0, '00000000-0000-4000-a000-000000000001'),
('00000000-0000-4000-a002-000000000015', 'https://images.unsplash.com/photo-1579871494447-9811cf80d66c?w=800&h=600&fit=crop', 0, '00000000-0000-4000-a000-000000000001'),
('00000000-0000-4000-a002-000000000016', 'https://images.unsplash.com/photo-1569718212165-3a8278d5f624?w=800&h=600&fit=crop', 0, '00000000-0000-4000-a000-000000000001'),
('00000000-0000-4000-a002-000000000017', 'https://images.unsplash.com/photo-1544025162-d76694265947?w=800&h=600&fit=crop', 0, '00000000-0000-4000-a000-000000000001'),
('00000000-0000-4000-a002-000000000018', 'https://images.unsplash.com/photo-1565958011703-44f9829ba187?w=800&h=600&fit=crop', 0, '00000000-0000-4000-a000-000000000001'),
('00000000-0000-4000-a002-000000000019', 'https://images.unsplash.com/photo-1579584425555-c3ce17fd4351?w=800&h=600&fit=crop', 0, '00000000-0000-4000-a000-000000000001'),
('00000000-0000-4000-a002-00000000001a', 'https://images.unsplash.com/photo-1579871494447-9811cf80d66c?w=800&h=600&fit=crop', 0, '00000000-0000-4000-a000-000000000001'),
('00000000-0000-4000-a002-00000000001b', 'https://images.unsplash.com/photo-1591814468924-caf88d1232e1?w=800&h=600&fit=crop', 0, '00000000-0000-4000-a000-000000000001'),
('00000000-0000-4000-a002-00000000001c', 'https://images.unsplash.com/photo-1509440159596-0249088772ff?w=800&h=600&fit=crop', 0, '00000000-0000-4000-a000-000000000001'),
('00000000-0000-4000-a002-00000000001d', 'https://images.unsplash.com/photo-1563379926898-05f4575a45d8?w=800&h=600&fit=crop', 0, '00000000-0000-4000-a000-000000000001'),
('00000000-0000-4000-a002-00000000001e', 'https://images.unsplash.com/photo-1565557623262-b51c2513a641?w=800&h=600&fit=crop', 0, '00000000-0000-4000-a000-000000000001'),
('00000000-0000-4000-a002-00000000001f', 'https://images.unsplash.com/photo-1604382354936-07c5d9983bd3?w=800&h=600&fit=crop', 0, '00000000-0000-4000-a000-000000000001'),
('00000000-0000-4000-a002-000000000020', 'https://images.unsplash.com/photo-1618841557871-b4664fbf0cb3?w=800&h=600&fit=crop', 0, '00000000-0000-4000-a000-000000000001'),
('00000000-0000-4000-a002-000000000021', 'https://images.unsplash.com/photo-1580822184713-fc5400e7fe10?w=800&h=600&fit=crop', 0, '00000000-0000-4000-a000-000000000001'),
('00000000-0000-4000-a002-000000000022', 'https://images.unsplash.com/photo-1579871494447-9811cf80d66c?w=800&h=600&fit=crop', 0, '00000000-0000-4000-a000-000000000001'),
('00000000-0000-4000-a002-000000000023', 'https://images.unsplash.com/photo-1618841557871-b4664fbf0cb3?w=800&h=600&fit=crop', 0, '00000000-0000-4000-a000-000000000001'),
('00000000-0000-4000-a002-000000000024', 'https://images.unsplash.com/photo-1544025162-d76694265947?w=800&h=600&fit=crop', 0, '00000000-0000-4000-a000-000000000001'),
('00000000-0000-4000-a002-000000000025', 'https://images.unsplash.com/photo-1565299624946-b28f40a0ae38?w=800&h=600&fit=crop', 0, '00000000-0000-4000-a000-000000000001'),
('00000000-0000-4000-a002-000000000026', 'https://images.unsplash.com/photo-1617196034796-73dfa7b1fd56?w=800&h=600&fit=crop', 0, '00000000-0000-4000-a000-000000000001'),
('00000000-0000-4000-a002-000000000027', 'https://images.unsplash.com/photo-1563805042-7684c019e1cb?w=800&h=600&fit=crop', 0, '00000000-0000-4000-a000-000000000001'),
('00000000-0000-4000-a002-000000000028', 'https://images.unsplash.com/photo-1563379926898-05f4575a45d8?w=800&h=600&fit=crop', 0, '00000000-0000-4000-a000-000000000001'),
('00000000-0000-4000-a002-000000000029', 'https://images.unsplash.com/photo-1579584425555-c3ce17fd4351?w=800&h=600&fit=crop', 0, '00000000-0000-4000-a000-000000000001'),
('00000000-0000-4000-a002-00000000002a', 'https://images.unsplash.com/photo-1604382354936-07c5d9983bd3?w=800&h=600&fit=crop', 0, '00000000-0000-4000-a000-000000000001'),
('00000000-0000-4000-a002-00000000002b', 'https://images.unsplash.com/photo-1626082927389-6cd097cdc6ec?w=800&h=600&fit=crop', 0, '00000000-0000-4000-a000-000000000001'),
('00000000-0000-4000-a002-00000000002c', 'https://images.unsplash.com/photo-1618841557871-b4664fbf0cb3?w=800&h=600&fit=crop', 0, '00000000-0000-4000-a000-000000000001'),
('00000000-0000-4000-a002-00000000002d', 'https://images.unsplash.com/photo-1544025162-d76694265947?w=800&h=600&fit=crop', 0, '00000000-0000-4000-a000-000000000001'),
('00000000-0000-4000-a002-00000000002e', 'https://images.unsplash.com/photo-1579871494447-9811cf80d66c?w=800&h=600&fit=crop', 0, '00000000-0000-4000-a000-000000000001'),
('00000000-0000-4000-a002-00000000002f', 'https://images.unsplash.com/photo-1529692236671-f1f6cf9683ba?w=800&h=600&fit=crop', 0, '00000000-0000-4000-a000-000000000001'),
('00000000-0000-4000-a002-000000000030', 'https://images.unsplash.com/photo-1604382354936-07c5d9983bd3?w=800&h=600&fit=crop', 0, '00000000-0000-4000-a000-000000000001'),
('00000000-0000-4000-a002-000000000031', 'https://images.unsplash.com/photo-1591814468924-caf88d1232e1?w=800&h=600&fit=crop', 0, '00000000-0000-4000-a000-000000000001'),
('00000000-0000-4000-a002-000000000032', 'https://images.unsplash.com/photo-1569718212165-3a8278d5f624?w=800&h=600&fit=crop', 0, '00000000-0000-4000-a000-000000000001'),
('00000000-0000-4000-a002-000000000033', 'https://images.unsplash.com/photo-1579584425555-c3ce17fd4351?w=800&h=600&fit=crop', 0, '00000000-0000-4000-a000-000000000001'),
('00000000-0000-4000-a002-000000000034', 'https://images.unsplash.com/photo-1618841557871-b4664fbf0cb3?w=800&h=600&fit=crop', 0, '00000000-0000-4000-a000-000000000001'),
('00000000-0000-4000-a002-000000000035', 'https://images.unsplash.com/photo-1529692236671-f1f6cf9683ba?w=800&h=600&fit=crop', 0, '00000000-0000-4000-a000-000000000001'),
('00000000-0000-4000-a002-000000000036', 'https://images.unsplash.com/photo-1604382354936-07c5d9983bd3?w=800&h=600&fit=crop', 0, '00000000-0000-4000-a000-000000000001'),
('00000000-0000-4000-a002-000000000037', 'https://images.unsplash.com/photo-1580822184713-fc5400e7fe10?w=800&h=600&fit=crop', 0, '00000000-0000-4000-a000-000000000001'),
('00000000-0000-4000-a002-000000000038', 'https://images.unsplash.com/photo-1579584425555-c3ce17fd4351?w=800&h=600&fit=crop', 0, '00000000-0000-4000-a000-000000000001'),
('00000000-0000-4000-a002-000000000039', 'https://images.unsplash.com/photo-1579871494447-9811cf80d66c?w=800&h=600&fit=crop', 0, '00000000-0000-4000-a000-000000000001'),
('00000000-0000-4000-a002-00000000003a', 'https://images.unsplash.com/photo-1580822184713-fc5400e7fe10?w=800&h=600&fit=crop', 0, '00000000-0000-4000-a000-000000000001'),
('00000000-0000-4000-a002-00000000003b', 'https://images.unsplash.com/photo-1509440159596-0249088772ff?w=800&h=600&fit=crop', 0, '00000000-0000-4000-a000-000000000001'),
('00000000-0000-4000-a002-00000000003c', 'https://images.unsplash.com/photo-1552611052-33e04de081de?w=800&h=600&fit=crop', 0, '00000000-0000-4000-a000-000000000001'),
('00000000-0000-4000-a002-00000000003d', 'https://images.unsplash.com/photo-1580822184713-fc5400e7fe10?w=800&h=600&fit=crop', 0, '00000000-0000-4000-a000-000000000001'),
('00000000-0000-4000-a002-00000000003e', 'https://images.unsplash.com/photo-1544025162-d76694265947?w=800&h=600&fit=crop', 0, '00000000-0000-4000-a000-000000000001'),
('00000000-0000-4000-a002-00000000003f', 'https://images.unsplash.com/photo-1618841557871-b4664fbf0cb3?w=800&h=600&fit=crop', 0, '00000000-0000-4000-a000-000000000001'),
('00000000-0000-4000-a002-000000000040', 'https://images.unsplash.com/photo-1563805042-7684c019e1cb?w=800&h=600&fit=crop', 0, '00000000-0000-4000-a000-000000000001')
ON CONFLICT DO NOTHING;

COMMIT;